{
	"version": "https://jsonfeed.org/version/1",
	"title": {{ .Site.Title | jsonify }},
	"icon": "{{ .Site.Author.avatar }}",
	"home_page_url": "{{ .Site.BaseURL }}",
	"feed_url": "{{ .Site.BaseURL }}photos/index.json",
	"items": [
		{{- $list := (where .Site.Pages "Type" "post") -}}
		{{- $len := (len $list) -}}
		{{ range $index, $value := $list }}
			{
				"id": "{{ .Permalink }}",
				"title": {{ .Title | jsonify }},
				"content_text": {{ .Plain | jsonify }},
				"date_published": "{{ .Date.Format "2006-01-02T15:04:05-07:00" }}",
				"url": "{{ .Permalink }}"
			}
			{{- if ne (add $index 1) $len -}},{{- end -}}
		{{ end }}
	]
}
